{
  "phase1": {
    "accuracy": [
      0.5513620972633362,
      0.6627408862113953,
      0.68706876039505,
      0.6987270712852478,
      0.7060433030128479,
      0.70931476354599,
      0.7163930535316467,
      0.7141625285148621,
      0.7217463850975037,
      0.7173745036125183,
      0.7254045009613037,
      0.7317094802856445,
      0.7306685447692871,
      0.7346835732460022,
      0.7345943450927734,
      0.7347133159637451,
      0.7411372661590576,
      0.7407209277153015,
      0.7436057329177856,
      0.7441708445549011
    ],
    "loss": [
      1.1700019836425781,
      0.7444916367530823,
      0.6546931862831116,
      0.6256036758422852,
      0.6018648743629456,
      0.5886046886444092,
      0.5698609948158264,
      0.5712383985519409,
      0.5537970066070557,
      0.5621599555015564,
      0.5238689184188843,
      0.5293025970458984,
      0.5175061821937561,
      0.514779806137085,
      0.5089377164840698,
      0.49822357296943665,
      0.49290353059768677,
      0.49473655223846436,
      0.492471307516098,
      0.4973661005496979
    ],
    "val_accuracy": [
      0.6389120221138,
      0.6706910729408264,
      0.6837357878684998,
      0.6909520030021667,
      0.684290885925293,
      0.7259228229522705,
      0.7277268767356873,
      0.7106577754020691,
      0.7139883637428284,
      0.7020538449287415,
      0.7327227592468262,
      0.7048293352127075,
      0.7234249114990234,
      0.7166250348091125,
      0.7257840633392334,
      0.7364696264266968,
      0.7361920475959778,
      0.7262004017829895,
      0.7291146516799927,
      0.7149597406387329
    ],
    "val_loss": [
      0.9506322145462036,
      0.8581472039222717,
      0.8437780737876892,
      0.8038203120231628,
      0.8014214038848877,
      0.7276894450187683,
      0.7233606576919556,
      0.7802333235740662,
      0.7408365607261658,
      0.7670578360557556,
      0.7073317170143127,
      0.7747750878334045,
      0.7292029857635498,
      0.743228018283844,
      0.7181487679481506,
      0.702573835849762,
      0.6935696601867676,
      0.7152448296546936,
      0.7109331488609314,
      0.7404576539993286
    ],
    "learning_rate": [
      0.0010000000474974513,
      0.0010000000474974513,
      0.0010000000474974513,
      0.0010000000474974513,
      0.0010000000474974513,
      0.0010000000474974513,
      0.0010000000474974513,
      0.0010000000474974513,
      0.0010000000474974513,
      0.0010000000474974513,
      0.0005000000237487257,
      0.0005000000237487257,
      0.0005000000237487257,
      0.0005000000237487257,
      0.0002500000118743628,
      0.0002500000118743628,
      0.0002500000118743628,
      0.0002500000118743628,
      0.0002500000118743628,
      0.0002500000118743628
    ]
  },
  "phase2": {
    "accuracy": [
      0.6780573129653931,
      0.7039316892623901,
      0.7196347713470459,
      0.7281703352928162,
      0.7341779470443726,
      0.7397394776344299
    ],
    "loss": [
      0.6589035987854004,
      0.5723768472671509,
      0.5312662720680237,
      0.500120997428894,
      0.4942187964916229,
      0.4768977463245392
    ],
    "val_accuracy": [
      0.7672772407531738,
      0.7502081394195557,
      0.7413266897201538,
      0.7425756454467773,
      0.741604208946228,
      0.7422980666160583
    ],
    "val_loss": [
      0.6470420360565186,
      0.6787559986114502,
      0.6908616423606873,
      0.6863601207733154,
      0.6876786351203918,
      0.6878179311752319
    ],
    "learning_rate": [
      9.999999747378752e-06,
      9.999999747378752e-06,
      9.999999747378752e-06,
      9.999999747378752e-06,
      4.999999873689376e-06,
      4.999999873689376e-06
    ]
  },
  "duration_p1_min": 34.73668563763301,
  "duration_p2_min": 10.635969277222951
}