{
  "phase1": {
    "accuracy": [
      0.6577147245407104,
      0.7331668138504028,
      0.7565131783485413,
      0.7581787109375,
      0.7650190591812134,
      0.7666845321655273,
      0.769747793674469,
      0.7710564136505127,
      0.775428295135498,
      0.7748036980628967,
      0.7780157327651978,
      0.777093768119812,
      0.7788484692573547,
      0.786551296710968,
      0.7814359068870544,
      0.7872055768966675,
      0.7909826040267944,
      0.7931239604949951,
      0.7908042073249817,
      0.7964251637458801
    ],
    "loss": [
      0.1784035861492157,
      0.11238463222980499,
      0.09896725416183472,
      0.09573950618505478,
      0.09329267591238022,
      0.09200539439916611,
      0.08915147930383682,
      0.08839774131774902,
      0.08683882653713226,
      0.08656107634305954,
      0.08495423197746277,
      0.08433014899492264,
      0.0842948704957962,
      0.08266855776309967,
      0.08192728459835052,
      0.07981114834547043,
      0.07809692621231079,
      0.07742816209793091,
      0.07776280492544174,
      0.07623445242643356
    ],
    "val_accuracy": [
      0.7481265664100647,
      0.7506244778633118,
      0.722592294216156,
      0.7234249114990234,
      0.768109917640686,
      0.7664446234703064,
      0.7565917372703552,
      0.7742159366607666,
      0.7950319051742554,
      0.7833749651908875,
      0.7976686358451843,
      0.7611712217330933,
      0.7514570951461792,
      0.7876769304275513,
      0.7965584397315979,
      0.7996114492416382,
      0.7860116362571716,
      0.7937829494476318,
      0.7847626805305481,
      0.7875381708145142
    ],
    "val_loss": [
      0.09891398251056671,
      0.09318181127309799,
      0.10223710536956787,
      0.09837138652801514,
      0.08477796614170074,
      0.0858045443892479,
      0.08638957142829895,
      0.08128916472196579,
      0.07645627856254578,
      0.07829546183347702,
      0.07323997467756271,
      0.08471216261386871,
      0.08517302572727203,
      0.07770220935344696,
      0.07290315628051758,
      0.07345586270093918,
      0.07587495446205139,
      0.07490494102239609,
      0.07529229670763016,
      0.07512370496988297
    ],
    "learning_rate": [
      0.0010000000474974513,
      0.0010000000474974513,
      0.0010000000474974513,
      0.0010000000474974513,
      0.0010000000474974513,
      0.0010000000474974513,
      0.0010000000474974513,
      0.0010000000474974513,
      0.0010000000474974513,
      0.0010000000474974513,
      0.0010000000474974513,
      0.0010000000474974513,
      0.0010000000474974513,
      0.0010000000474974513,
      0.0005000000237487257,
      0.0005000000237487257,
      0.0005000000237487257,
      0.0005000000237487257,
      0.0002500000118743628,
      0.0002500000118743628
    ]
  },
  "phase2": {
    "accuracy": [
      0.7435462474822998,
      0.7811979651451111,
      0.795176088809967,
      0.8050499558448792,
      0.8106412291526794,
      0.8205150961875916,
      0.826522707939148,
      0.8314893841743469,
      0.8349393010139465,
      0.8391030430793762,
      0.8405305743217468,
      0.8435640931129456,
      0.8457649350166321,
      0.8440102338790894,
      0.8466571569442749
    ],
    "loss": [
      0.10512727499008179,
      0.08530764281749725,
      0.07620228081941605,
      0.0717858299612999,
      0.06882554292678833,
      0.06453248858451843,
      0.0623171329498291,
      0.05973270907998085,
      0.05787462368607521,
      0.056931301951408386,
      0.05557631701231003,
      0.05486065149307251,
      0.053680673241615295,
      0.05430340766906738,
      0.052580248564481735
    ],
    "val_accuracy": [
      0.7933666110038757,
      0.8019706010818481,
      0.8047460317611694,
      0.8072439432144165,
      0.8030807375907898,
      0.7923952341079712,
      0.7969747185707092,
      0.7971135377883911,
      0.8096030950546265,
      0.8046072721481323,
      0.8076602816581726,
      0.8136275410652161,
      0.8089092373847961,
      0.8259783387184143,
      0.8119622468948364
    ],
    "val_loss": [
      0.07889510691165924,
      0.07289834320545197,
      0.07000596821308136,
      0.06759260594844818,
      0.06710817664861679,
      0.07063351571559906,
      0.06841683387756348,
      0.06762874126434326,
      0.06392240524291992,
      0.06625670939683914,
      0.0642765611410141,
      0.06294501572847366,
      0.06466610729694366,
      0.058718204498291016,
      0.06305857002735138
    ],
    "learning_rate": [
      9.999999747378752e-06,
      9.999999747378752e-06,
      9.999999747378752e-06,
      9.999999747378752e-06,
      9.999999747378752e-06,
      9.999999747378752e-06,
      9.999999747378752e-06,
      9.999999747378752e-06,
      4.999999873689376e-06,
      4.999999873689376e-06,
      4.999999873689376e-06,
      4.999999873689376e-06,
      4.999999873689376e-06,
      4.999999873689376e-06,
      4.999999873689376e-06
    ]
  },
  "duration_p1_min": 33.77975010077159,
  "duration_p2_min": 32.5628555615743
}